Family,Child
[F0001],[I0003]
[F0001],[I0004]
[F0001],[I0005]
[F0002],[I0001]
[F0002],[I0008]
[F0003],[I0010]
[F0003],[I0011]
[F0005],[I0013]
[F0005],[I0014]
[F0005],[I0015]
[F0006],[I0017]
[F0006],[I0018]
[F0006],[I0019]
[F0007],[I0021]
[F0007],[I0022]
[F0007],[I0023]
[F0008],[I0134]
[F0008],[I0026]
[F0009],[I0192]
[F0009],[I0035]
[F0009],[I0032]
[F0009],[I0195]
[F0009],[I0051]
[F0009],[I0196]
[F0009],[I0029]
[F0009],[I0053]
[F0009],[I0054]
[F0009],[I0050]
[F0009],[I0197]
[F0009],[I0052]
[F0009],[I0199]
[F0009],[I0025]
[F0011],[I0123]
[F0011],[I0040]
[F0011],[I0146]
[F0011],[I0348]
[F0013],[I0043]
[F0013],[I0042]
[F0014],[I0045]
[F0014],[I0046]
[F0014],[I0047]
[F0015],[I0220]
[F0015],[I0221]
[F0015],[I0024]
[F0017],[I0083]
[F0017],[I0084]
[F0017],[I0085]
[F0017],[I0086]
[F0019],[I0030]
[F0020],[I0055]
[F0020],[I0056]
[F0020],[I0057]
[F0021],[I0059]
[F0022],[I0064]
[F0022],[I0062]
[F0022],[I0063]
[F0023],[I0066]
[F0024],[I0068]
[F0025],[I0070]
[F0025],[I0071]
[F0027],[I0076]
[F0027],[I0074]
[F0027],[I0075]
[F0028],[I0078]
[F0029],[I0080]
[F0029],[I0081]
[F0030],[I0089]
[F0030],[I0088]
[F0033],[I0093]
[F0034],[I0095]
[F0034],[I0096]
[F0035],[I0098]
[F0036],[I0100]
[F0037],[I0103]
[F0037],[I0102]
[F0039],[I0106]
[F0040],[I0444]
[F0042],[I0114]
[F0042],[I0113]
[F0042],[I0115]
[F0043],[I0033]
[F0043],[I0501]
[F0044],[I0542]
[F0044],[I0110]
[F0044],[I0109]
[F0044],[I0541]
[F0047],[I0118]
[F0047],[I0119]
[F0048],[I0121]
[F0048],[I0200]
[F0051],[I0038]
[F0051],[I0126]
[F0051],[I0127]
[F0051],[I0128]
[F0051],[I0129]
[F0052],[I0130]
[F0052],[I0131]
[F0052],[I0132]
[F0052],[I0133]
[F0054],[I0138]
[F0054],[I0139]
[F0055],[I0141]
[F0055],[I0142]
[F0056],[I0210]
[F0056],[I0208]
[F0056],[I0209]
[F0072],[I0204]
[F0072],[I0205]
[F0072],[I0349]
[F0074],[I0467]
[F0074],[I0028]
[F0074],[I0464]
[F0074],[I0496]
[F0074],[I0497]
[F0074],[I0216]
[F0074],[I0215]
[F0084],[I0437]
[F0084],[I0438]
[F0085],[I0223]
[F0085],[I0224]
[F0085],[I0225]
[F0086],[I0227]
[F0087],[I0229]
[F0087],[I0230]
[F0088],[I0234]
[F0088],[I0235]
[F0088],[I0236]
[F0089],[I0238]
[F0089],[I0239]
[F0091],[I0067]
[F0093],[I0193]
[F0094],[I0244]
[F0094],[I0510]
[F0095],[I0241]
[F0095],[I0245]
[F0095],[I0037]
[F0095],[I0246]
[F0097],[I0249]
[F0097],[I0250]
[F0097],[I0251]
[F0097],[I0252]
[F0097],[I0253]
[F0097],[I0254]
[F0097],[I0255]
[F0098],[I0257]
[F0098],[I0258]
[F0099],[I0265]
[F0100],[I0027]
[F0101],[I0214]
[F0102],[I0534]
[F0105],[I0271]
[F0105],[I0274]
[F0105],[I0275]
[F0106],[I0277]
[F0106],[I0283]
[F0106],[I0282]
[F0107],[I0279]
[F0107],[I0360]
[F0108],[I0362]
[F0108],[I0361]
[F0109],[I0285]
[F0109],[I0288]
[F0110],[I0287]
[F0110],[I0381]
[F0111],[I0290]
[F0111],[I0292]
[F0111],[I0293]
[F0113],[I0295]
[F0113],[I0296]
[F0115],[I0299]
[F0115],[I0300]
[F0116],[I0302]
[F0116],[I0303]
[F0117],[I0305]
[F0117],[I0306]
[F0118],[I0308]
[F0118],[I0314]
[F0118],[I0319]
[F0119],[I0310]
[F0119],[I0312]
[F0119],[I0313]
[F0120],[I0418]
[F0121],[I0316]
[F0121],[I0318]
[F0122],[I0410]
[F0123],[I0322]
[F0123],[I0323]
[F0124],[I0414]
[F0126],[I0326]
[F0126],[I0329]
[F0127],[I0328]
[F0127],[I0420]
[F0128],[I0331]
[F0128],[I0332]
[F0129],[I0334]
[F0129],[I0336]
[F0129],[I0335]
[F0129],[I0337]
[F0130],[I0339]
[F0130],[I0340]
[F0130],[I0341]
[F0131],[I0343]
[F0131],[I0344]
[F0131],[I0405]
[F0132],[I0561]
[F0133],[I0532]
[F0133],[I0533]
[F0133],[I0351]
[F0133],[I0352]
[F0133],[I0353]
[F0134],[I0354]
[F0134],[I0355]
[F0135],[I0357]
[F0135],[I0358]
[F0135],[I0359]
[F0136],[I0364]
[F0136],[I0365]
[F0136],[I0366]
[F0137],[I0369]
[F0137],[I0368]
[F0137],[I0370]
[F0137],[I0371]
[F0138],[I0373]
[F0140],[I0384]
[F0140],[I0385]
[F0143],[I0387]
[F0143],[I0388]
[F0144],[I0279]
[F0145],[I0386]
[F0145],[I0540]
[F0146],[I0303]
[F0146],[I0302]
[F0147],[I0391]
[F0147],[I0392]
[F0147],[I0393]
[F0147],[I0390]
[F0148],[I0395]
[F0148],[I0394]
[F0149],[I0397]
[F0149],[I0398]
[F0150],[I0400]
[F0150],[I0401]
[F0150],[I0402]
[F0151],[I0404]
[F0152],[I0406]
[F0153],[I0529]
[F0153],[I0530]
[F0157],[I0411]
[F0157],[I0412]
[F0158],[I0416]
[F0159],[I0433]
[F0161],[I0421]
[F0161],[I0422]
[F0162],[I0423]
[F0162],[I0504]
[F0162],[I0424]
[F0162],[I0425]
[F0165],[I0434]
[F0170],[I0441]
[F0170],[I0442]
[F0170],[I0443]
[F0172],[I0454]
[F0172],[I0451]
[F0173],[I0449]
[F0173],[I0450]
[F0174],[I0453]
[F0176],[I0456]
[F0176],[I0457]
[F0179],[I0466]
[F0180],[I0213]
[F0180],[I0470]
[F0180],[I0471]
[F0182],[I0262]
[F0186],[I0482]
[F0186],[I0468]
[F0186],[I0483]
[F0199],[I0322]
[F0199],[I0323]
